context,benchmark_kind,dataset_id,dataset_label,structure_id,target_variant,target_display_name,comparator_variant,comparator_display_name,metric,ratio,target_value,comparator_value,interpretation
batch:UP000000625_83333_ECOLI_v6_pdb:t10,batch,UP000000625_83333_ECOLI_v6_pdb,E. coli AFDB,,zsasa_f64,zsasa f64,freesasa_batch,FreeSASA batch,runtime_speedup,3.0114619046552615,4.319635716966666,13.008418403633334,higher means target is faster
batch:UP000000625_83333_ECOLI_v6_pdb:t10,batch,UP000000625_83333_ECOLI_v6_pdb,E. coli AFDB,,zsasa_f64,zsasa f64,freesasa_batch,FreeSASA batch,rss_reduction,4.58628841607565,46.265625,212.1875,higher means target uses less memory
batch:UP000000625_83333_ECOLI_v6_pdb:t10,batch,UP000000625_83333_ECOLI_v6_pdb,E. coli AFDB,,zsasa_f64,zsasa f64,rustsasa,RustSASA,runtime_speedup,1.3225253624037063,4.319635716966666,5.712827792033334,higher means target is faster
batch:UP000000625_83333_ECOLI_v6_pdb:t10,batch,UP000000625_83333_ECOLI_v6_pdb,E. coli AFDB,,zsasa_f64,zsasa f64,rustsasa,RustSASA,rss_reduction,3.675560058538782,46.265625,170.05208333333334,higher means target uses less memory
batch:UP000000625_83333_ECOLI_v6_pdb:t10,batch,UP000000625_83333_ECOLI_v6_pdb,E. coli AFDB,,zsasa_f64,zsasa f64,lahuta_bitmask,Lahuta bitmask,runtime_speedup,0.5222120561261996,4.319635716966666,2.2557658494733333,higher means target is faster
batch:UP000000625_83333_ECOLI_v6_pdb:t10,batch,UP000000625_83333_ECOLI_v6_pdb,E. coli AFDB,,zsasa_f64,zsasa f64,lahuta_bitmask,Lahuta bitmask,rss_reduction,3.9381965552178317,46.265625,182.203125,higher means target uses less memory
batch:UP000000625_83333_ECOLI_v6_pdb:t10,batch,UP000000625_83333_ECOLI_v6_pdb,E. coli AFDB,,zsasa_f32,zsasa f32,freesasa_batch,FreeSASA batch,runtime_speedup,3.122611670986389,4.165877724886667,13.008418403633334,higher means target is faster
batch:UP000000625_83333_ECOLI_v6_pdb:t10,batch,UP000000625_83333_ECOLI_v6_pdb,E. coli AFDB,,zsasa_f32,zsasa f32,freesasa_batch,FreeSASA batch,rss_reduction,4.956204379562044,42.8125,212.1875,higher means target uses less memory
batch:UP000000625_83333_ECOLI_v6_pdb:t10,batch,UP000000625_83333_ECOLI_v6_pdb,E. coli AFDB,,zsasa_f32,zsasa f32,rustsasa,RustSASA,runtime_speedup,1.371338327552269,4.165877724886667,5.712827792033334,higher means target is faster
batch:UP000000625_83333_ECOLI_v6_pdb:t10,batch,UP000000625_83333_ECOLI_v6_pdb,E. coli AFDB,,zsasa_f32,zsasa f32,rustsasa,RustSASA,rss_reduction,3.9720194647201947,42.8125,170.05208333333334,higher means target uses less memory
batch:UP000000625_83333_ECOLI_v6_pdb:t10,batch,UP000000625_83333_ECOLI_v6_pdb,E. coli AFDB,,zsasa_f32,zsasa f32,lahuta_bitmask,Lahuta bitmask,runtime_speedup,0.5414863321593774,4.165877724886667,2.2557658494733333,higher means target is faster
batch:UP000000625_83333_ECOLI_v6_pdb:t10,batch,UP000000625_83333_ECOLI_v6_pdb,E. coli AFDB,,zsasa_f32,zsasa f32,lahuta_bitmask,Lahuta bitmask,rss_reduction,4.255839416058394,42.8125,182.203125,higher means target uses less memory
batch:UP000000625_83333_ECOLI_v6_pdb:t10,batch,UP000000625_83333_ECOLI_v6_pdb,E. coli AFDB,,zsasa_bitmask_f64,zsasa bitmask f64,freesasa_batch,FreeSASA batch,runtime_speedup,8.779344976823637,1.4817071704066667,13.008418403633334,higher means target is faster
batch:UP000000625_83333_ECOLI_v6_pdb:t10,batch,UP000000625_83333_ECOLI_v6_pdb,E. coli AFDB,,zsasa_bitmask_f64,zsasa bitmask f64,freesasa_batch,FreeSASA batch,rss_reduction,4.394822006472492,48.28125,212.1875,higher means target uses less memory
batch:UP000000625_83333_ECOLI_v6_pdb:t10,batch,UP000000625_83333_ECOLI_v6_pdb,E. coli AFDB,,zsasa_bitmask_f64,zsasa bitmask f64,rustsasa,RustSASA,runtime_speedup,3.8555714017806917,1.4817071704066667,5.712827792033334,higher means target is faster
batch:UP000000625_83333_ECOLI_v6_pdb:t10,batch,UP000000625_83333_ECOLI_v6_pdb,E. coli AFDB,,zsasa_bitmask_f64,zsasa bitmask f64,rustsasa,RustSASA,rss_reduction,3.522114347357066,48.28125,170.05208333333334,higher means target uses less memory
batch:UP000000625_83333_ECOLI_v6_pdb:t10,batch,UP000000625_83333_ECOLI_v6_pdb,E. coli AFDB,,zsasa_bitmask_f64,zsasa bitmask f64,lahuta_bitmask,Lahuta bitmask,runtime_speedup,1.5224100244140817,1.4817071704066667,2.2557658494733333,higher means target is faster
batch:UP000000625_83333_ECOLI_v6_pdb:t10,batch,UP000000625_83333_ECOLI_v6_pdb,E. coli AFDB,,zsasa_bitmask_f64,zsasa bitmask f64,lahuta_bitmask,Lahuta bitmask,rss_reduction,3.7737864077669903,48.28125,182.203125,higher means target uses less memory
batch:UP000000625_83333_ECOLI_v6_pdb:t10,batch,UP000000625_83333_ECOLI_v6_pdb,E. coli AFDB,,zsasa_bitmask_f32,zsasa bitmask f32,freesasa_batch,FreeSASA batch,runtime_speedup,9.028307616986346,1.4408479369,13.008418403633334,higher means target is faster
batch:UP000000625_83333_ECOLI_v6_pdb:t10,batch,UP000000625_83333_ECOLI_v6_pdb,E. coli AFDB,,zsasa_bitmask_f32,zsasa bitmask f32,freesasa_batch,FreeSASA batch,rss_reduction,4.628493524199046,45.84375,212.1875,higher means target uses less memory
batch:UP000000625_83333_ECOLI_v6_pdb:t10,batch,UP000000625_83333_ECOLI_v6_pdb,E. coli AFDB,,zsasa_bitmask_f32,zsasa bitmask f32,rustsasa,RustSASA,runtime_speedup,3.964906806421603,1.4408479369,5.712827792033334,higher means target is faster
batch:UP000000625_83333_ECOLI_v6_pdb:t10,batch,UP000000625_83333_ECOLI_v6_pdb,E. coli AFDB,,zsasa_bitmask_f32,zsasa bitmask f32,rustsasa,RustSASA,rss_reduction,3.7093842308566236,45.84375,170.05208333333334,higher means target uses less memory
batch:UP000000625_83333_ECOLI_v6_pdb:t10,batch,UP000000625_83333_ECOLI_v6_pdb,E. coli AFDB,,zsasa_bitmask_f32,zsasa bitmask f32,lahuta_bitmask,Lahuta bitmask,runtime_speedup,1.565582176788647,1.4408479369,2.2557658494733333,higher means target is faster
batch:UP000000625_83333_ECOLI_v6_pdb:t10,batch,UP000000625_83333_ECOLI_v6_pdb,E. coli AFDB,,zsasa_bitmask_f32,zsasa bitmask f32,lahuta_bitmask,Lahuta bitmask,rss_reduction,3.974437627811861,45.84375,182.203125,higher means target uses less memory
batch:UP000005640_9606_HUMAN_v6_pdb:t10,batch,UP000005640_9606_HUMAN_v6_pdb,Human AFDB,,zsasa_f64,zsasa f64,freesasa_batch,FreeSASA batch,runtime_speedup,3.163836150256641,42.95499451557333,135.90256448244668,higher means target is faster
batch:UP000005640_9606_HUMAN_v6_pdb:t10,batch,UP000005640_9606_HUMAN_v6_pdb,Human AFDB,,zsasa_f64,zsasa f64,freesasa_batch,FreeSASA batch,rss_reduction,8.331234497233352,81.890625,682.25,higher means target uses less memory
batch:UP000005640_9606_HUMAN_v6_pdb:t10,batch,UP000005640_9606_HUMAN_v6_pdb,Human AFDB,,zsasa_f64,zsasa f64,rustsasa,RustSASA,runtime_speedup,1.5206828353133937,42.95499451557333,65.32092285081333,higher means target is faster
batch:UP000005640_9606_HUMAN_v6_pdb:t10,batch,UP000005640_9606_HUMAN_v6_pdb,Human AFDB,,zsasa_f64,zsasa f64,rustsasa,RustSASA,rss_reduction,4.0335813775996945,81.890625,330.3125,higher means target uses less memory
batch:UP000005640_9606_HUMAN_v6_pdb:t10,batch,UP000005640_9606_HUMAN_v6_pdb,Human AFDB,,zsasa_f64,zsasa f64,lahuta_bitmask,Lahuta bitmask,runtime_speedup,0.467230289088199,42.95499451557333,20.06987450529333,higher means target is faster
batch:UP000005640_9606_HUMAN_v6_pdb:t10,batch,UP000005640_9606_HUMAN_v6_pdb,Human AFDB,,zsasa_f64,zsasa f64,lahuta_bitmask,Lahuta bitmask,rss_reduction,4.109139477199008,81.890625,336.5,higher means target uses less memory
batch:UP000005640_9606_HUMAN_v6_pdb:t10,batch,UP000005640_9606_HUMAN_v6_pdb,Human AFDB,,zsasa_f32,zsasa f32,freesasa_batch,FreeSASA batch,runtime_speedup,3.2292693603546203,42.08461708116,135.90256448244668,higher means target is faster
batch:UP000005640_9606_HUMAN_v6_pdb:t10,batch,UP000005640_9606_HUMAN_v6_pdb,Human AFDB,,zsasa_f32,zsasa f32,freesasa_batch,FreeSASA batch,rss_reduction,8.901936799184506,76.640625,682.25,higher means target uses less memory
batch:UP000005640_9606_HUMAN_v6_pdb:t10,batch,UP000005640_9606_HUMAN_v6_pdb,Human AFDB,,zsasa_f32,zsasa f32,rustsasa,RustSASA,runtime_speedup,1.5521329973097349,42.08461708116,65.32092285081333,higher means target is faster
batch:UP000005640_9606_HUMAN_v6_pdb:t10,batch,UP000005640_9606_HUMAN_v6_pdb,Human AFDB,,zsasa_f32,zsasa f32,rustsasa,RustSASA,rss_reduction,4.309887869520897,76.640625,330.3125,higher means target uses less memory
batch:UP000005640_9606_HUMAN_v6_pdb:t10,batch,UP000005640_9606_HUMAN_v6_pdb,Human AFDB,,zsasa_f32,zsasa f32,lahuta_bitmask,Lahuta bitmask,runtime_speedup,0.47689336145291916,42.08461708116,20.06987450529333,higher means target is faster
batch:UP000005640_9606_HUMAN_v6_pdb:t10,batch,UP000005640_9606_HUMAN_v6_pdb,Human AFDB,,zsasa_f32,zsasa f32,lahuta_bitmask,Lahuta bitmask,rss_reduction,4.3906218144750255,76.640625,336.5,higher means target uses less memory
batch:UP000005640_9606_HUMAN_v6_pdb:t10,batch,UP000005640_9606_HUMAN_v6_pdb,Human AFDB,,zsasa_bitmask_f64,zsasa bitmask f64,freesasa_batch,FreeSASA batch,runtime_speedup,9.99960517261451,13.590793049973334,135.90256448244668,higher means target is faster
batch:UP000005640_9606_HUMAN_v6_pdb:t10,batch,UP000005640_9606_HUMAN_v6_pdb,Human AFDB,,zsasa_bitmask_f64,zsasa bitmask f64,freesasa_batch,FreeSASA batch,rss_reduction,8.135643748835475,83.859375,682.25,higher means target uses less memory
batch:UP000005640_9606_HUMAN_v6_pdb:t10,batch,UP000005640_9606_HUMAN_v6_pdb,Human AFDB,,zsasa_bitmask_f64,zsasa bitmask f64,rustsasa,RustSASA,runtime_speedup,4.8062627847122945,13.590793049973334,65.32092285081333,higher means target is faster
batch:UP000005640_9606_HUMAN_v6_pdb:t10,batch,UP000005640_9606_HUMAN_v6_pdb,Human AFDB,,zsasa_bitmask_f64,zsasa bitmask f64,rustsasa,RustSASA,rss_reduction,3.9388857834917084,83.859375,330.3125,higher means target uses less memory
batch:UP000005640_9606_HUMAN_v6_pdb:t10,batch,UP000005640_9606_HUMAN_v6_pdb,Human AFDB,,zsasa_bitmask_f64,zsasa bitmask f64,lahuta_bitmask,Lahuta bitmask,runtime_speedup,1.4767257827778277,13.590793049973334,20.06987450529333,higher means target is faster
batch:UP000005640_9606_HUMAN_v6_pdb:t10,batch,UP000005640_9606_HUMAN_v6_pdb,Human AFDB,,zsasa_bitmask_f64,zsasa bitmask f64,lahuta_bitmask,Lahuta bitmask,rss_reduction,4.012670020495621,83.859375,336.5,higher means target uses less memory
batch:UP000005640_9606_HUMAN_v6_pdb:t10,batch,UP000005640_9606_HUMAN_v6_pdb,Human AFDB,,zsasa_bitmask_f32,zsasa bitmask f32,freesasa_batch,FreeSASA batch,runtime_speedup,10.206078469535246,13.315845541273333,135.90256448244668,higher means target is faster
batch:UP000005640_9606_HUMAN_v6_pdb:t10,batch,UP000005640_9606_HUMAN_v6_pdb,Human AFDB,,zsasa_bitmask_f32,zsasa bitmask f32,freesasa_batch,FreeSASA batch,rss_reduction,8.588512981904012,79.4375,682.25,higher means target uses less memory
batch:UP000005640_9606_HUMAN_v6_pdb:t10,batch,UP000005640_9606_HUMAN_v6_pdb,Human AFDB,,zsasa_bitmask_f32,zsasa bitmask f32,rustsasa,RustSASA,runtime_speedup,4.905503195298178,13.315845541273333,65.32092285081333,higher means target is faster
batch:UP000005640_9606_HUMAN_v6_pdb:t10,batch,UP000005640_9606_HUMAN_v6_pdb,Human AFDB,,zsasa_bitmask_f32,zsasa bitmask f32,rustsasa,RustSASA,rss_reduction,4.158143194335169,79.4375,330.3125,higher means target uses less memory
batch:UP000005640_9606_HUMAN_v6_pdb:t10,batch,UP000005640_9606_HUMAN_v6_pdb,Human AFDB,,zsasa_bitmask_f32,zsasa bitmask f32,lahuta_bitmask,Lahuta bitmask,runtime_speedup,1.5072174307733928,13.315845541273333,20.06987450529333,higher means target is faster
batch:UP000005640_9606_HUMAN_v6_pdb:t10,batch,UP000005640_9606_HUMAN_v6_pdb,Human AFDB,,zsasa_bitmask_f32,zsasa bitmask f32,lahuta_bitmask,Lahuta bitmask,rss_reduction,4.2360346184107005,79.4375,336.5,higher means target uses less memory
single_file:3jc8:t10,single_file,single_file_large_structure_subset,single_file_large_structure_subset,3jc8,zsasa_f64,zsasa f64,freesasa,FreeSASA,runtime_speedup,2.9370032355354847,0.07805499105333334,0.22924776127333335,higher means target is faster
single_file:3jc8:t10,single_file,single_file_large_structure_subset,single_file_large_structure_subset,3jc8,zsasa_f64,zsasa f64,freesasa,FreeSASA,rss_reduction,11.880822492656316,37.234375,442.375,higher means target uses less memory
single_file:3jc8:t10,single_file,single_file_large_structure_subset,single_file_large_structure_subset,3jc8,zsasa_f64,zsasa f64,rustsasa,RustSASA,runtime_speedup,1.9378536780133355,0.07805499105333334,0.15125915150000002,higher means target is faster
single_file:3jc8:t10,single_file,single_file_large_structure_subset,single_file_large_structure_subset,3jc8,zsasa_f64,zsasa f64,rustsasa,RustSASA,rss_reduction,3.568750874248147,37.234375,132.88020833333334,higher means target uses less memory
single_file:3jc8:t10,single_file,single_file_large_structure_subset,single_file_large_structure_subset,3jc8,zsasa_f32,zsasa f32,freesasa,FreeSASA,runtime_speedup,2.9029226801043615,0.07897136318666668,0.22924776127333335,higher means target is faster
single_file:3jc8:t10,single_file,single_file_large_structure_subset,single_file_large_structure_subset,3jc8,zsasa_f32,zsasa f32,freesasa,FreeSASA,rss_reduction,11.62869660460022,38.041666666666664,442.375,higher means target uses less memory
single_file:3jc8:t10,single_file,single_file_large_structure_subset,single_file_large_structure_subset,3jc8,zsasa_f32,zsasa f32,rustsasa,RustSASA,runtime_speedup,1.9153671077256802,0.07897136318666668,0.15125915150000002,higher means target is faster
single_file:3jc8:t10,single_file,single_file_large_structure_subset,single_file_large_structure_subset,3jc8,zsasa_f32,zsasa f32,rustsasa,RustSASA,rss_reduction,3.493017524644031,38.041666666666664,132.88020833333334,higher means target uses less memory
single_file:3jc8:t10,single_file,single_file_large_structure_subset,single_file_large_structure_subset,3jc8,zsasa_bitmask_f64,zsasa bitmask f64,freesasa,FreeSASA,runtime_speedup,3.1755891518227632,0.07219062363333334,0.22924776127333335,higher means target is faster
single_file:3jc8:t10,single_file,single_file_large_structure_subset,single_file_large_structure_subset,3jc8,zsasa_bitmask_f64,zsasa bitmask f64,freesasa,FreeSASA,rss_reduction,11.127472815406785,39.755208333333336,442.375,higher means target uses less memory
single_file:3jc8:t10,single_file,single_file_large_structure_subset,single_file_large_structure_subset,3jc8,zsasa_bitmask_f64,zsasa bitmask f64,rustsasa,RustSASA,runtime_speedup,2.0952742044211616,0.07219062363333334,0.15125915150000002,higher means target is faster
single_file:3jc8:t10,single_file,single_file_large_structure_subset,single_file_large_structure_subset,3jc8,zsasa_bitmask_f64,zsasa bitmask f64,rustsasa,RustSASA,rss_reduction,3.3424603694484474,39.755208333333336,132.88020833333334,higher means target uses less memory
single_file:3jc8:t10,single_file,single_file_large_structure_subset,single_file_large_structure_subset,3jc8,zsasa_bitmask_f32,zsasa bitmask f32,freesasa,FreeSASA,runtime_speedup,3.1941664884069043,0.07177076151333334,0.22924776127333335,higher means target is faster
single_file:3jc8:t10,single_file,single_file_large_structure_subset,single_file_large_structure_subset,3jc8,zsasa_bitmask_f32,zsasa bitmask f32,freesasa,FreeSASA,rss_reduction,11.620741551511834,38.067708333333336,442.375,higher means target uses less memory
single_file:3jc8:t10,single_file,single_file_large_structure_subset,single_file_large_structure_subset,3jc8,zsasa_bitmask_f32,zsasa bitmask f32,rustsasa,RustSASA,runtime_speedup,2.107531650920265,0.07177076151333334,0.15125915150000002,higher means target is faster
single_file:3jc8:t10,single_file,single_file_large_structure_subset,single_file_large_structure_subset,3jc8,zsasa_bitmask_f32,zsasa bitmask f32,rustsasa,RustSASA,rss_reduction,3.4906279928854835,38.067708333333336,132.88020833333334,higher means target uses less memory
single_file:5vyc:t10,single_file,single_file_large_structure_subset,single_file_large_structure_subset,5vyc,zsasa_f64,zsasa f64,freesasa,FreeSASA,runtime_speedup,2.295897115747644,0.23625824299333334,0.54242461866,higher means target is faster
single_file:5vyc:t10,single_file,single_file_large_structure_subset,single_file_large_structure_subset,5vyc,zsasa_f64,zsasa f64,freesasa,FreeSASA,rss_reduction,10.392595781317262,96.79166666666667,1005.9166666666666,higher means target uses less memory
single_file:5vyc:t10,single_file,single_file_large_structure_subset,single_file_large_structure_subset,5vyc,zsasa_f64,zsasa f64,rustsasa,RustSASA,runtime_speedup,56.2356372220273,0.23625824299333334,13.286132843686667,higher means target is faster
single_file:5vyc:t10,single_file,single_file_large_structure_subset,single_file_large_structure_subset,5vyc,zsasa_f64,zsasa f64,rustsasa,RustSASA,rss_reduction,3.003067154541541,96.79166666666667,290.671875,higher means target uses less memory
single_file:5vyc:t10,single_file,single_file_large_structure_subset,single_file_large_structure_subset,5vyc,zsasa_f32,zsasa f32,freesasa,FreeSASA,runtime_speedup,2.306185972056002,0.23520419655333336,0.54242461866,higher means target is faster
single_file:5vyc:t10,single_file,single_file_large_structure_subset,single_file_large_structure_subset,5vyc,zsasa_f32,zsasa f32,freesasa,FreeSASA,rss_reduction,10.749485167251072,93.578125,1005.9166666666666,higher means target uses less memory
single_file:5vyc:t10,single_file,single_file_large_structure_subset,single_file_large_structure_subset,5vyc,zsasa_f32,zsasa f32,rustsasa,RustSASA,runtime_speedup,56.48765216939482,0.23520419655333336,13.286132843686667,higher means target is faster
single_file:5vyc:t10,single_file,single_file_large_structure_subset,single_file_large_structure_subset,5vyc,zsasa_f32,zsasa f32,rustsasa,RustSASA,rss_reduction,3.106194690265487,93.578125,290.671875,higher means target uses less memory
single_file:5vyc:t10,single_file,single_file_large_structure_subset,single_file_large_structure_subset,5vyc,zsasa_bitmask_f64,zsasa bitmask f64,freesasa,FreeSASA,runtime_speedup,2.6015949918311017,0.2084969491266667,0.54242461866,higher means target is faster
single_file:5vyc:t10,single_file,single_file_large_structure_subset,single_file_large_structure_subset,5vyc,zsasa_bitmask_f64,zsasa bitmask f64,freesasa,FreeSASA,rss_reduction,10.39147745614979,96.80208333333333,1005.9166666666666,higher means target uses less memory
single_file:5vyc:t10,single_file,single_file_large_structure_subset,single_file_large_structure_subset,5vyc,zsasa_bitmask_f64,zsasa bitmask f64,rustsasa,RustSASA,runtime_speedup,63.72339211359412,0.2084969491266667,13.286132843686667,higher means target is faster
single_file:5vyc:t10,single_file,single_file_large_structure_subset,single_file_large_structure_subset,5vyc,zsasa_bitmask_f64,zsasa bitmask f64,rustsasa,RustSASA,rss_reduction,3.0027440008608632,96.80208333333333,290.671875,higher means target uses less memory
single_file:5vyc:t10,single_file,single_file_large_structure_subset,single_file_large_structure_subset,5vyc,zsasa_bitmask_f32,zsasa bitmask f32,freesasa,FreeSASA,runtime_speedup,2.7250851929248974,0.19904868298,0.54242461866,higher means target is faster
single_file:5vyc:t10,single_file,single_file_large_structure_subset,single_file_large_structure_subset,5vyc,zsasa_bitmask_f32,zsasa bitmask f32,freesasa,FreeSASA,rss_reduction,10.500516500842712,95.796875,1005.9166666666666,higher means target uses less memory
single_file:5vyc:t10,single_file,single_file_large_structure_subset,single_file_large_structure_subset,5vyc,zsasa_bitmask_f32,zsasa bitmask f32,rustsasa,RustSASA,runtime_speedup,66.74815750989737,0.19904868298,13.286132843686667,higher means target is faster
single_file:5vyc:t10,single_file,single_file_large_structure_subset,single_file_large_structure_subset,5vyc,zsasa_bitmask_f32,zsasa bitmask f32,rustsasa,RustSASA,rss_reduction,3.034252161148263,95.796875,290.671875,higher means target uses less memory
single_file:8rbs:t10,single_file,single_file_large_structure_subset,single_file_large_structure_subset,8rbs,zsasa_f64,zsasa f64,freesasa,FreeSASA,runtime_speedup,118.4891624827622,0.11818203455333336,14.003290294733333,higher means target is faster
single_file:8rbs:t10,single_file,single_file_large_structure_subset,single_file_large_structure_subset,8rbs,zsasa_f64,zsasa f64,freesasa,FreeSASA,rss_reduction,506.6518350113673,48.109375,24374.703125,higher means target uses less memory
single_file:8rbs:t10,single_file,single_file_large_structure_subset,single_file_large_structure_subset,8rbs,zsasa_f64,zsasa f64,rustsasa,RustSASA,runtime_speedup,1.940096011151296,0.11818203455333336,0.22928449382666669,higher means target is faster
single_file:8rbs:t10,single_file,single_file_large_structure_subset,single_file_large_structure_subset,8rbs,zsasa_f64,zsasa f64,rustsasa,RustSASA,rss_reduction,4.100357258850276,48.109375,197.265625,higher means target uses less memory
single_file:8rbs:t10,single_file,single_file_large_structure_subset,single_file_large_structure_subset,8rbs,zsasa_f32,zsasa f32,freesasa,FreeSASA,runtime_speedup,118.74633080292516,0.11792608832666668,14.003290294733333,higher means target is faster
single_file:8rbs:t10,single_file,single_file_large_structure_subset,single_file_large_structure_subset,8rbs,zsasa_f32,zsasa f32,freesasa,FreeSASA,rss_reduction,487.64645201625507,49.984375,24374.703125,higher means target uses less memory
single_file:8rbs:t10,single_file,single_file_large_structure_subset,single_file_large_structure_subset,8rbs,zsasa_f32,zsasa f32,rustsasa,RustSASA,runtime_speedup,1.9443067863959538,0.11792608832666668,0.22928449382666669,higher means target is faster
single_file:8rbs:t10,single_file,single_file_large_structure_subset,single_file_large_structure_subset,8rbs,zsasa_f32,zsasa f32,rustsasa,RustSASA,rss_reduction,3.946545795561113,49.984375,197.265625,higher means target uses less memory
single_file:8rbs:t10,single_file,single_file_large_structure_subset,single_file_large_structure_subset,8rbs,zsasa_bitmask_f64,zsasa bitmask f64,freesasa,FreeSASA,runtime_speedup,136.91856815667708,0.10227458907333335,14.003290294733333,higher means target is faster
single_file:8rbs:t10,single_file,single_file_large_structure_subset,single_file_large_structure_subset,8rbs,zsasa_bitmask_f64,zsasa bitmask f64,freesasa,FreeSASA,rss_reduction,469.8737951807229,51.875,24374.703125,higher means target uses less memory
single_file:8rbs:t10,single_file,single_file_large_structure_subset,single_file_large_structure_subset,8rbs,zsasa_bitmask_f64,zsasa bitmask f64,rustsasa,RustSASA,runtime_speedup,2.241852017242173,0.10227458907333335,0.22928449382666669,higher means target is faster
single_file:8rbs:t10,single_file,single_file_large_structure_subset,single_file_large_structure_subset,8rbs,zsasa_bitmask_f64,zsasa bitmask f64,rustsasa,RustSASA,rss_reduction,3.802710843373494,51.875,197.265625,higher means target uses less memory
single_file:8rbs:t10,single_file,single_file_large_structure_subset,single_file_large_structure_subset,8rbs,zsasa_bitmask_f32,zsasa bitmask f32,freesasa,FreeSASA,runtime_speedup,136.42930966789598,0.10264136298,14.003290294733333,higher means target is faster
single_file:8rbs:t10,single_file,single_file_large_structure_subset,single_file_large_structure_subset,8rbs,zsasa_bitmask_f32,zsasa bitmask f32,freesasa,FreeSASA,rss_reduction,487.9515170472318,49.953125,24374.703125,higher means target uses less memory
single_file:8rbs:t10,single_file,single_file_large_structure_subset,single_file_large_structure_subset,8rbs,zsasa_bitmask_f32,zsasa bitmask f32,rustsasa,RustSASA,runtime_speedup,2.233841086768728,0.10264136298,0.22928449382666669,higher means target is faster
single_file:8rbs:t10,single_file,single_file_large_structure_subset,single_file_large_structure_subset,8rbs,zsasa_bitmask_f32,zsasa bitmask f32,rustsasa,RustSASA,rss_reduction,3.949014701282452,49.953125,197.265625,higher means target uses less memory
single_file:9fqr:t10,single_file,single_file_large_structure_subset,single_file_large_structure_subset,9fqr,zsasa_f64,zsasa f64,freesasa,FreeSASA,runtime_speedup,42.68247682399897,4.673351685133333,199.47022499110003,higher means target is faster
single_file:9fqr:t10,single_file,single_file_large_structure_subset,single_file_large_structure_subset,9fqr,zsasa_f64,zsasa f64,freesasa,FreeSASA,rss_reduction,15.114638180698456,1615.3177083333333,24414.942708333332,higher means target uses less memory
single_file:9fqr:t10,single_file,single_file_large_structure_subset,single_file_large_structure_subset,9fqr,zsasa_f64,zsasa f64,rustsasa,RustSASA,runtime_speedup,1.85892339667538,4.673351685133333,8.687402788386667,higher means target is faster
single_file:9fqr:t10,single_file,single_file_large_structure_subset,single_file_large_structure_subset,9fqr,zsasa_f64,zsasa f64,rustsasa,RustSASA,rss_reduction,3.1581441989288743,1615.3177083333333,5101.40625,higher means target uses less memory
single_file:9fqr:t10,single_file,single_file_large_structure_subset,single_file_large_structure_subset,9fqr,zsasa_f32,zsasa f32,freesasa,FreeSASA,runtime_speedup,42.94996427438928,4.644246586953334,199.47022499110003,higher means target is faster
single_file:9fqr:t10,single_file,single_file_large_structure_subset,single_file_large_structure_subset,9fqr,zsasa_f32,zsasa f32,freesasa,FreeSASA,rss_reduction,14.919996689869409,1636.390625,24414.942708333332,higher means target uses less memory
single_file:9fqr:t10,single_file,single_file_large_structure_subset,single_file_large_structure_subset,9fqr,zsasa_f32,zsasa f32,rustsasa,RustSASA,runtime_speedup,1.8705731114259543,4.644246586953334,8.687402788386667,higher means target is faster
single_file:9fqr:t10,single_file,single_file_large_structure_subset,single_file_large_structure_subset,9fqr,zsasa_f32,zsasa f32,rustsasa,RustSASA,rss_reduction,3.117474624984484,1636.390625,5101.40625,higher means target uses less memory
single_file:9fqr:t10,single_file,single_file_large_structure_subset,single_file_large_structure_subset,9fqr,zsasa_bitmask_f64,zsasa bitmask f64,freesasa,FreeSASA,runtime_speedup,52.56928705061771,3.7944251516866667,199.47022499110003,higher means target is faster
single_file:9fqr:t10,single_file,single_file_large_structure_subset,single_file_large_structure_subset,9fqr,zsasa_bitmask_f64,zsasa bitmask f64,freesasa,FreeSASA,rss_reduction,15.113225005642066,1615.46875,24414.942708333332,higher means target uses less memory
single_file:9fqr:t10,single_file,single_file_large_structure_subset,single_file_large_structure_subset,9fqr,zsasa_bitmask_f64,zsasa bitmask f64,rustsasa,RustSASA,runtime_speedup,2.2895175003056822,3.7944251516866667,8.687402788386667,higher means target is faster
single_file:9fqr:t10,single_file,single_file_large_structure_subset,single_file_large_structure_subset,9fqr,zsasa_bitmask_f64,zsasa bitmask f64,rustsasa,RustSASA,rss_reduction,3.157848921559145,1615.46875,5101.40625,higher means target uses less memory
single_file:9fqr:t10,single_file,single_file_large_structure_subset,single_file_large_structure_subset,9fqr,zsasa_bitmask_f32,zsasa bitmask f32,freesasa,FreeSASA,runtime_speedup,51.67840561818203,3.859837055826667,199.47022499110003,higher means target is faster
single_file:9fqr:t10,single_file,single_file_large_structure_subset,single_file_large_structure_subset,9fqr,zsasa_bitmask_f32,zsasa bitmask f32,freesasa,FreeSASA,rss_reduction,14.921278966131906,1636.25,24414.942708333332,higher means target uses less memory
single_file:9fqr:t10,single_file,single_file_large_structure_subset,single_file_large_structure_subset,9fqr,zsasa_bitmask_f32,zsasa bitmask f32,rustsasa,RustSASA,runtime_speedup,2.250717494737889,3.859837055826667,8.687402788386667,higher means target is faster
single_file:9fqr:t10,single_file,single_file_large_structure_subset,single_file_large_structure_subset,9fqr,zsasa_bitmask_f32,zsasa bitmask f32,rustsasa,RustSASA,rss_reduction,3.117742551566081,1636.25,5101.40625,higher means target uses less memory
single_file:AF-0000000065781219:t10,single_file,single_file_large_structure_subset,single_file_large_structure_subset,AF-0000000065781219,zsasa_f64,zsasa f64,freesasa,FreeSASA,runtime_speedup,2.0420570432306255,0.027238294120000003,0.05562215035333334,higher means target is faster
single_file:AF-0000000065781219:t10,single_file,single_file_large_structure_subset,single_file_large_structure_subset,AF-0000000065781219,zsasa_f64,zsasa f64,freesasa,FreeSASA,rss_reduction,9.781010719754978,10.203125,99.796875,higher means target uses less memory
single_file:AF-0000000065781219:t10,single_file,single_file_large_structure_subset,single_file_large_structure_subset,AF-0000000065781219,zsasa_f64,zsasa f64,rustsasa,RustSASA,runtime_speedup,1.7527953320546148,0.027238294120000003,0.047743154786666665,higher means target is faster
single_file:AF-0000000065781219:t10,single_file,single_file_large_structure_subset,single_file_large_structure_subset,AF-0000000065781219,zsasa_f64,zsasa f64,rustsasa,RustSASA,rss_reduction,3.1286370597243494,10.203125,31.921875,higher means target uses less memory
single_file:AF-0000000065781219:t10,single_file,single_file_large_structure_subset,single_file_large_structure_subset,AF-0000000065781219,zsasa_f32,zsasa f32,freesasa,FreeSASA,runtime_speedup,2.0093041328597248,0.027682295300000003,0.05562215035333334,higher means target is faster
single_file:AF-0000000065781219:t10,single_file,single_file_large_structure_subset,single_file_large_structure_subset,AF-0000000065781219,zsasa_f32,zsasa f32,freesasa,FreeSASA,rss_reduction,10.213752665245202,9.770833333333334,99.796875,higher means target uses less memory
single_file:AF-0000000065781219:t10,single_file,single_file_large_structure_subset,single_file_large_structure_subset,AF-0000000065781219,zsasa_f32,zsasa f32,rustsasa,RustSASA,runtime_speedup,1.7246819409034575,0.027682295300000003,0.047743154786666665,higher means target is faster
single_file:AF-0000000065781219:t10,single_file,single_file_large_structure_subset,single_file_large_structure_subset,AF-0000000065781219,zsasa_f32,zsasa f32,rustsasa,RustSASA,rss_reduction,3.2670575692963753,9.770833333333334,31.921875,higher means target uses less memory
single_file:AF-0000000065781219:t10,single_file,single_file_large_structure_subset,single_file_large_structure_subset,AF-0000000065781219,zsasa_bitmask_f64,zsasa bitmask f64,freesasa,FreeSASA,runtime_speedup,1.5444372420305261,0.03601450990666667,0.05562215035333334,higher means target is faster
single_file:AF-0000000065781219:t10,single_file,single_file_large_structure_subset,single_file_large_structure_subset,AF-0000000065781219,zsasa_bitmask_f64,zsasa bitmask f64,freesasa,FreeSASA,rss_reduction,8.040704993705413,12.411458333333334,99.796875,higher means target uses less memory
single_file:AF-0000000065781219:t10,single_file,single_file_large_structure_subset,single_file_large_structure_subset,AF-0000000065781219,zsasa_bitmask_f64,zsasa bitmask f64,rustsasa,RustSASA,runtime_speedup,1.3256644310972254,0.03601450990666667,0.047743154786666665,higher means target is faster
single_file:AF-0000000065781219:t10,single_file,single_file_large_structure_subset,single_file_large_structure_subset,AF-0000000065781219,zsasa_bitmask_f64,zsasa bitmask f64,rustsasa,RustSASA,rss_reduction,2.571968107427612,12.411458333333334,31.921875,higher means target uses less memory
single_file:AF-0000000065781219:t10,single_file,single_file_large_structure_subset,single_file_large_structure_subset,AF-0000000065781219,zsasa_bitmask_f32,zsasa bitmask f32,freesasa,FreeSASA,runtime_speedup,1.5494251452791439,0.03589857214000001,0.05562215035333334,higher means target is faster
single_file:AF-0000000065781219:t10,single_file,single_file_large_structure_subset,single_file_large_structure_subset,AF-0000000065781219,zsasa_bitmask_f32,zsasa bitmask f32,freesasa,FreeSASA,rss_reduction,8.259051724137931,12.083333333333334,99.796875,higher means target uses less memory
single_file:AF-0000000065781219:t10,single_file,single_file_large_structure_subset,single_file_large_structure_subset,AF-0000000065781219,zsasa_bitmask_f32,zsasa bitmask f32,rustsasa,RustSASA,runtime_speedup,1.3299457872718237,0.03589857214000001,0.047743154786666665,higher means target is faster
single_file:AF-0000000065781219:t10,single_file,single_file_large_structure_subset,single_file_large_structure_subset,AF-0000000065781219,zsasa_bitmask_f32,zsasa bitmask f32,rustsasa,RustSASA,rss_reduction,2.641810344827586,12.083333333333334,31.921875,higher means target uses less memory
single_file:AF-0000000066638622:t10,single_file,single_file_large_structure_subset,single_file_large_structure_subset,AF-0000000066638622,zsasa_f64,zsasa f64,freesasa,FreeSASA,runtime_speedup,2.055506288777658,0.01705550201333333,0.035057691646666674,higher means target is faster
single_file:AF-0000000066638622:t10,single_file,single_file_large_structure_subset,single_file_large_structure_subset,AF-0000000066638622,zsasa_f64,zsasa f64,freesasa,FreeSASA,rss_reduction,7.931451612903226,7.75,61.46875,higher means target uses less memory
single_file:AF-0000000066638622:t10,single_file,single_file_large_structure_subset,single_file_large_structure_subset,AF-0000000066638622,zsasa_f64,zsasa f64,rustsasa,RustSASA,runtime_speedup,1.7995490965910015,0.01705550201333333,0.030692213240000002,higher means target is faster
single_file:AF-0000000066638622:t10,single_file,single_file_large_structure_subset,single_file_large_structure_subset,AF-0000000066638622,zsasa_f64,zsasa f64,rustsasa,RustSASA,rss_reduction,2.7923387096774195,7.75,21.640625,higher means target uses less memory
single_file:AF-0000000066638622:t10,single_file,single_file_large_structure_subset,single_file_large_structure_subset,AF-0000000066638622,zsasa_f32,zsasa f32,freesasa,FreeSASA,runtime_speedup,1.9454788635606215,0.018020083540000006,0.035057691646666674,higher means target is faster
single_file:AF-0000000066638622:t10,single_file,single_file_large_structure_subset,single_file_large_structure_subset,AF-0000000066638622,zsasa_f32,zsasa f32,freesasa,FreeSASA,rss_reduction,7.963562753036437,7.71875,61.46875,higher means target uses less memory
single_file:AF-0000000066638622:t10,single_file,single_file_large_structure_subset,single_file_large_structure_subset,AF-0000000066638622,zsasa_f32,zsasa f32,rustsasa,RustSASA,runtime_speedup,1.7032225833954149,0.018020083540000006,0.030692213240000002,higher means target is faster
single_file:AF-0000000066638622:t10,single_file,single_file_large_structure_subset,single_file_large_structure_subset,AF-0000000066638622,zsasa_f32,zsasa f32,rustsasa,RustSASA,rss_reduction,2.8036437246963564,7.71875,21.640625,higher means target uses less memory
single_file:AF-0000000066638622:t10,single_file,single_file_large_structure_subset,single_file_large_structure_subset,AF-0000000066638622,zsasa_bitmask_f64,zsasa bitmask f64,freesasa,FreeSASA,runtime_speedup,1.2326507442667647,0.028440896020000005,0.035057691646666674,higher means target is faster
single_file:AF-0000000066638622:t10,single_file,single_file_large_structure_subset,single_file_large_structure_subset,AF-0000000066638622,zsasa_bitmask_f64,zsasa bitmask f64,freesasa,FreeSASA,rss_reduction,6.108695652173913,10.0625,61.46875,higher means target uses less memory
single_file:AF-0000000066638622:t10,single_file,single_file_large_structure_subset,single_file_large_structure_subset,AF-0000000066638622,zsasa_bitmask_f64,zsasa bitmask f64,rustsasa,RustSASA,runtime_speedup,1.0791577458887667,0.028440896020000005,0.030692213240000002,higher means target is faster
single_file:AF-0000000066638622:t10,single_file,single_file_large_structure_subset,single_file_large_structure_subset,AF-0000000066638622,zsasa_bitmask_f64,zsasa bitmask f64,rustsasa,RustSASA,rss_reduction,2.150621118012422,10.0625,21.640625,higher means target uses less memory
single_file:AF-0000000066638622:t10,single_file,single_file_large_structure_subset,single_file_large_structure_subset,AF-0000000066638622,zsasa_bitmask_f32,zsasa bitmask f32,freesasa,FreeSASA,runtime_speedup,1.2482901078541162,0.028084570586666666,0.035057691646666674,higher means target is faster
single_file:AF-0000000066638622:t10,single_file,single_file_large_structure_subset,single_file_large_structure_subset,AF-0000000066638622,zsasa_bitmask_f32,zsasa bitmask f32,freesasa,FreeSASA,rss_reduction,6.105535437144335,10.067708333333334,61.46875,higher means target uses less memory
single_file:AF-0000000066638622:t10,single_file,single_file_large_structure_subset,single_file_large_structure_subset,AF-0000000066638622,zsasa_bitmask_f32,zsasa bitmask f32,rustsasa,RustSASA,runtime_speedup,1.0928496537017138,0.028084570586666666,0.030692213240000002,higher means target is faster
single_file:AF-0000000066638622:t10,single_file,single_file_large_structure_subset,single_file_large_structure_subset,AF-0000000066638622,zsasa_bitmask_f32,zsasa bitmask f32,rustsasa,RustSASA,rss_reduction,2.149508535954475,10.067708333333334,21.640625,higher means target uses less memory
single_file:AF-P49792-F10-model_v6:t10,single_file,single_file_large_structure_subset,single_file_large_structure_subset,AF-P49792-F10-model_v6,zsasa_f64,zsasa f64,freesasa,FreeSASA,runtime_speedup,2.2068734183536667,0.0118189217,0.02608286413333333,higher means target is faster
single_file:AF-P49792-F10-model_v6:t10,single_file,single_file_large_structure_subset,single_file_large_structure_subset,AF-P49792-F10-model_v6,zsasa_f64,zsasa f64,freesasa,FreeSASA,rss_reduction,9.104294478527608,5.09375,46.375,higher means target uses less memory
single_file:AF-P49792-F10-model_v6:t10,single_file,single_file_large_structure_subset,single_file_large_structure_subset,AF-P49792-F10-model_v6,zsasa_f64,zsasa f64,rustsasa,RustSASA,runtime_speedup,1.7410770504836608,0.0118189217,0.020577653333333334,higher means target is faster
single_file:AF-P49792-F10-model_v6:t10,single_file,single_file_large_structure_subset,single_file_large_structure_subset,AF-P49792-F10-model_v6,zsasa_f64,zsasa f64,rustsasa,RustSASA,rss_reduction,3.423312883435583,5.09375,17.4375,higher means target uses less memory
single_file:AF-P49792-F10-model_v6:t10,single_file,single_file_large_structure_subset,single_file_large_structure_subset,AF-P49792-F10-model_v6,zsasa_f32,zsasa f32,freesasa,FreeSASA,runtime_speedup,2.145475400443818,0.012157149006666668,0.02608286413333333,higher means target is faster
single_file:AF-P49792-F10-model_v6:t10,single_file,single_file_large_structure_subset,single_file_large_structure_subset,AF-P49792-F10-model_v6,zsasa_f32,zsasa f32,freesasa,FreeSASA,rss_reduction,9.882352941176471,4.692708333333333,46.375,higher means target uses less memory
single_file:AF-P49792-F10-model_v6:t10,single_file,single_file_large_structure_subset,single_file_large_structure_subset,AF-P49792-F10-model_v6,zsasa_f32,zsasa f32,rustsasa,RustSASA,runtime_speedup,1.6926380783890267,0.012157149006666668,0.020577653333333334,higher means target is faster
single_file:AF-P49792-F10-model_v6:t10,single_file,single_file_large_structure_subset,single_file_large_structure_subset,AF-P49792-F10-model_v6,zsasa_f32,zsasa f32,rustsasa,RustSASA,rss_reduction,3.7158712541620424,4.692708333333333,17.4375,higher means target uses less memory
single_file:AF-P49792-F10-model_v6:t10,single_file,single_file_large_structure_subset,single_file_large_structure_subset,AF-P49792-F10-model_v6,zsasa_bitmask_f64,zsasa bitmask f64,freesasa,FreeSASA,runtime_speedup,1.1269723004101344,0.02314419274,0.02608286413333333,higher means target is faster
single_file:AF-P49792-F10-model_v6:t10,single_file,single_file_large_structure_subset,single_file_large_structure_subset,AF-P49792-F10-model_v6,zsasa_bitmask_f64,zsasa bitmask f64,freesasa,FreeSASA,rss_reduction,6.305949008498583,7.354166666666667,46.375,higher means target uses less memory
single_file:AF-P49792-F10-model_v6:t10,single_file,single_file_large_structure_subset,single_file_large_structure_subset,AF-P49792-F10-model_v6,zsasa_bitmask_f64,zsasa bitmask f64,rustsasa,RustSASA,runtime_speedup,0.8891065488652397,0.02314419274,0.020577653333333334,higher means target is faster
single_file:AF-P49792-F10-model_v6:t10,single_file,single_file_large_structure_subset,single_file_large_structure_subset,AF-P49792-F10-model_v6,zsasa_bitmask_f64,zsasa bitmask f64,rustsasa,RustSASA,rss_reduction,2.3711048158640224,7.354166666666667,17.4375,higher means target uses less memory
single_file:AF-P49792-F10-model_v6:t10,single_file,single_file_large_structure_subset,single_file_large_structure_subset,AF-P49792-F10-model_v6,zsasa_bitmask_f32,zsasa bitmask f32,freesasa,FreeSASA,runtime_speedup,1.1303921288097074,0.02307417352666667,0.02608286413333333,higher means target is faster
single_file:AF-P49792-F10-model_v6:t10,single_file,single_file_large_structure_subset,single_file_large_structure_subset,AF-P49792-F10-model_v6,zsasa_bitmask_f32,zsasa bitmask f32,freesasa,FreeSASA,rss_reduction,6.634873323397914,6.989583333333333,46.375,higher means target uses less memory
single_file:AF-P49792-F10-model_v6:t10,single_file,single_file_large_structure_subset,single_file_large_structure_subset,AF-P49792-F10-model_v6,zsasa_bitmask_f32,zsasa bitmask f32,rustsasa,RustSASA,runtime_speedup,0.8918045671084114,0.02307417352666667,0.020577653333333334,higher means target is faster
single_file:AF-P49792-F10-model_v6:t10,single_file,single_file_large_structure_subset,single_file_large_structure_subset,AF-P49792-F10-model_v6,zsasa_bitmask_f32,zsasa bitmask f32,rustsasa,RustSASA,rss_reduction,2.4947839046199705,6.989583333333333,17.4375,higher means target uses less memory
single_file:AF-Q6ZS30-F1-model_v6:t10,single_file,single_file_large_structure_subset,single_file_large_structure_subset,AF-Q6ZS30-F1-model_v6,zsasa_f64,zsasa f64,freesasa,FreeSASA,runtime_speedup,2.077962308710671,0.024275082553333337,0.05044270658666667,higher means target is faster
single_file:AF-Q6ZS30-F1-model_v6:t10,single_file,single_file_large_structure_subset,single_file_large_structure_subset,AF-Q6ZS30-F1-model_v6,zsasa_f64,zsasa f64,freesasa,FreeSASA,rss_reduction,9.83438035408338,9.119791666666666,89.6875,higher means target uses less memory
single_file:AF-Q6ZS30-F1-model_v6:t10,single_file,single_file_large_structure_subset,single_file_large_structure_subset,AF-Q6ZS30-F1-model_v6,zsasa_f64,zsasa f64,rustsasa,RustSASA,runtime_speedup,1.74443807995146,0.024275082553333337,0.042346378399999995,higher means target is faster
single_file:AF-Q6ZS30-F1-model_v6:t10,single_file,single_file_large_structure_subset,single_file_large_structure_subset,AF-Q6ZS30-F1-model_v6,zsasa_f64,zsasa f64,rustsasa,RustSASA,rss_reduction,3.2158766419189035,9.119791666666666,29.328125,higher means target uses less memory
single_file:AF-Q6ZS30-F1-model_v6:t10,single_file,single_file_large_structure_subset,single_file_large_structure_subset,AF-Q6ZS30-F1-model_v6,zsasa_f32,zsasa f32,freesasa,FreeSASA,runtime_speedup,2.0325480195946337,0.02481747348666667,0.05044270658666667,higher means target is faster
single_file:AF-Q6ZS30-F1-model_v6:t10,single_file,single_file_large_structure_subset,single_file_large_structure_subset,AF-Q6ZS30-F1-model_v6,zsasa_f32,zsasa f32,freesasa,FreeSASA,rss_reduction,9.82876712328767,9.125,89.6875,higher means target uses less memory
single_file:AF-Q6ZS30-F1-model_v6:t10,single_file,single_file_large_structure_subset,single_file_large_structure_subset,AF-Q6ZS30-F1-model_v6,zsasa_f32,zsasa f32,rustsasa,RustSASA,runtime_speedup,1.7063130307261467,0.02481747348666667,0.042346378399999995,higher means target is faster
single_file:AF-Q6ZS30-F1-model_v6:t10,single_file,single_file_large_structure_subset,single_file_large_structure_subset,AF-Q6ZS30-F1-model_v6,zsasa_f32,zsasa f32,rustsasa,RustSASA,rss_reduction,3.214041095890411,9.125,29.328125,higher means target uses less memory
single_file:AF-Q6ZS30-F1-model_v6:t10,single_file,single_file_large_structure_subset,single_file_large_structure_subset,AF-Q6ZS30-F1-model_v6,zsasa_bitmask_f64,zsasa bitmask f64,freesasa,FreeSASA,runtime_speedup,1.4916182538647003,0.03381743717333333,0.05044270658666667,higher means target is faster
single_file:AF-Q6ZS30-F1-model_v6:t10,single_file,single_file_large_structure_subset,single_file_large_structure_subset,AF-Q6ZS30-F1-model_v6,zsasa_bitmask_f64,zsasa bitmask f64,freesasa,FreeSASA,rss_reduction,7.841530054644808,11.4375,89.6875,higher means target uses less memory
single_file:AF-Q6ZS30-F1-model_v6:t10,single_file,single_file_large_structure_subset,single_file_large_structure_subset,AF-Q6ZS30-F1-model_v6,zsasa_bitmask_f64,zsasa bitmask f64,rustsasa,RustSASA,runtime_speedup,1.25220542831058,0.03381743717333333,0.042346378399999995,higher means target is faster
single_file:AF-Q6ZS30-F1-model_v6:t10,single_file,single_file_large_structure_subset,single_file_large_structure_subset,AF-Q6ZS30-F1-model_v6,zsasa_bitmask_f64,zsasa bitmask f64,rustsasa,RustSASA,rss_reduction,2.564207650273224,11.4375,29.328125,higher means target uses less memory
single_file:AF-Q6ZS30-F1-model_v6:t10,single_file,single_file_large_structure_subset,single_file_large_structure_subset,AF-Q6ZS30-F1-model_v6,zsasa_bitmask_f32,zsasa bitmask f32,freesasa,FreeSASA,runtime_speedup,1.5037960049006083,0.033543583319999994,0.05044270658666667,higher means target is faster
single_file:AF-Q6ZS30-F1-model_v6:t10,single_file,single_file_large_structure_subset,single_file_large_structure_subset,AF-Q6ZS30-F1-model_v6,zsasa_bitmask_f32,zsasa bitmask f32,freesasa,FreeSASA,rss_reduction,7.830832196452933,11.453125,89.6875,higher means target uses less memory
single_file:AF-Q6ZS30-F1-model_v6:t10,single_file,single_file_large_structure_subset,single_file_large_structure_subset,AF-Q6ZS30-F1-model_v6,zsasa_bitmask_f32,zsasa bitmask f32,rustsasa,RustSASA,runtime_speedup,1.2624285842100667,0.033543583319999994,0.042346378399999995,higher means target is faster
single_file:AF-Q6ZS30-F1-model_v6:t10,single_file,single_file_large_structure_subset,single_file_large_structure_subset,AF-Q6ZS30-F1-model_v6,zsasa_bitmask_f32,zsasa bitmask f32,rustsasa,RustSASA,rss_reduction,2.5607094133697137,11.453125,29.328125,higher means target uses less memory
trajectory:5vz0_A_protein,trajectory,5vz0_A_protein,5vz0_A,,zsasa_cli_f64,zsasa CLI f64,mdsasa_bolt,mdsasa-bolt (Rust),runtime_speedup,41.52562021085876,81.37523241019333,3379.156995636053,higher means target is faster
trajectory:5vz0_A_protein,trajectory,5vz0_A_protein,5vz0_A,,zsasa_cli_f64,zsasa CLI f64,mdsasa_bolt,mdsasa-bolt (Rust),rss_reduction,367.1303587051618,65.484375,24041.302083333332,higher means target uses less memory
trajectory:5vz0_A_protein,trajectory,5vz0_A_protein,5vz0_A,,zsasa_cli_f32,zsasa CLI f32,mdsasa_bolt,mdsasa-bolt (Rust),runtime_speedup,41.85764912091157,80.72973677702,3379.156995636053,higher means target is faster
trajectory:5vz0_A_protein,trajectory,5vz0_A_protein,5vz0_A,,zsasa_cli_f32,zsasa CLI f32,mdsasa_bolt,mdsasa-bolt (Rust),rss_reduction,383.1601228521624,62.744791666666664,24041.302083333332,higher means target uses less memory
trajectory:5vz0_A_protein,trajectory,5vz0_A_protein,5vz0_A,,zsasa_cli_bitmask_f64,zsasa CLI bitmask f64,mdsasa_bolt,mdsasa-bolt (Rust),runtime_speedup,88.10284861267989,38.35468488075333,3379.156995636053,higher means target is faster
trajectory:5vz0_A_protein,trajectory,5vz0_A_protein,5vz0_A,,zsasa_cli_bitmask_f64,zsasa CLI bitmask f64,mdsasa_bolt,mdsasa-bolt (Rust),rss_reduction,350.16917008041264,68.65625,24041.302083333332,higher means target uses less memory
trajectory:5vz0_A_protein,trajectory,5vz0_A_protein,5vz0_A,,zsasa_cli_bitmask_f32,zsasa CLI bitmask f32,mdsasa_bolt,mdsasa-bolt (Rust),runtime_speedup,90.12731717324145,37.49314970888,3379.156995636053,higher means target is faster
trajectory:5vz0_A_protein,trajectory,5vz0_A_protein,5vz0_A,,zsasa_cli_bitmask_f32,zsasa CLI bitmask f32,mdsasa_bolt,mdsasa-bolt (Rust),rss_reduction,372.28244213243,64.578125,24041.302083333332,higher means target uses less memory
trajectory:5wvo_C_analysis,trajectory,5wvo_C_analysis,5wvo_C,,zsasa_cli_f64,zsasa CLI f64,mdtraj,MDTraj,runtime_speedup,12.191682257377526,1.9074200862866668,23.254659623346665,higher means target is faster
trajectory:5wvo_C_analysis,trajectory,5wvo_C_analysis,5wvo_C,,zsasa_cli_f64,zsasa CLI f64,mdtraj,MDTraj,rss_reduction,7.022458902523732,22.494791666666668,157.96875,higher means target uses less memory
trajectory:5wvo_C_analysis,trajectory,5wvo_C_analysis,5wvo_C,,zsasa_cli_f64,zsasa CLI f64,mdsasa_bolt,mdsasa-bolt (Rust),runtime_speedup,2.2889090107567664,1.9074200862866668,4.365911022800001,higher means target is faster
trajectory:5wvo_C_analysis,trajectory,5wvo_C_analysis,5wvo_C,,zsasa_cli_f64,zsasa CLI f64,mdsasa_bolt,mdsasa-bolt (Rust),rss_reduction,62.57281778189395,22.494791666666668,1407.5625,higher means target uses less memory
trajectory:5wvo_C_analysis,trajectory,5wvo_C_analysis,5wvo_C,,zsasa_cli_f32,zsasa CLI f32,mdtraj,MDTraj,runtime_speedup,13.500978259473435,1.7224425650066666,23.254659623346665,higher means target is faster
trajectory:5wvo_C_analysis,trajectory,5wvo_C_analysis,5wvo_C,,zsasa_cli_f32,zsasa CLI f32,mdtraj,MDTraj,rss_reduction,7.019208516547096,22.505208333333332,157.96875,higher means target uses less memory
trajectory:5wvo_C_analysis,trajectory,5wvo_C_analysis,5wvo_C,,zsasa_cli_f32,zsasa CLI f32,mdsasa_bolt,mdsasa-bolt (Rust),runtime_speedup,2.534720815369018,1.7224425650066666,4.365911022800001,higher means target is faster
trajectory:5wvo_C_analysis,trajectory,5wvo_C_analysis,5wvo_C,,zsasa_cli_f32,zsasa CLI f32,mdsasa_bolt,mdsasa-bolt (Rust),rss_reduction,62.54385558898404,22.505208333333332,1407.5625,higher means target uses less memory
trajectory:5wvo_C_analysis,trajectory,5wvo_C_analysis,5wvo_C,,zsasa_cli_bitmask_f64,zsasa CLI bitmask f64,mdtraj,MDTraj,runtime_speedup,27.978194204551134,0.8311708558933334,23.254659623346665,higher means target is faster
trajectory:5wvo_C_analysis,trajectory,5wvo_C_analysis,5wvo_C,,zsasa_cli_bitmask_f64,zsasa CLI bitmask f64,mdtraj,MDTraj,rss_reduction,7.001385041551247,22.5625,157.96875,higher means target uses less memory
trajectory:5wvo_C_analysis,trajectory,5wvo_C_analysis,5wvo_C,,zsasa_cli_bitmask_f64,zsasa CLI bitmask f64,mdsasa_bolt,mdsasa-bolt (Rust),runtime_speedup,5.25272390368833,0.8311708558933334,4.365911022800001,higher means target is faster
trajectory:5wvo_C_analysis,trajectory,5wvo_C_analysis,5wvo_C,,zsasa_cli_bitmask_f64,zsasa CLI bitmask f64,mdsasa_bolt,mdsasa-bolt (Rust),rss_reduction,62.38504155124654,22.5625,1407.5625,higher means target uses less memory
trajectory:5wvo_C_analysis,trajectory,5wvo_C_analysis,5wvo_C,,zsasa_cli_bitmask_f32,zsasa CLI bitmask f32,mdtraj,MDTraj,runtime_speedup,28.586884061167094,0.8134730449666666,23.254659623346665,higher means target is faster
trajectory:5wvo_C_analysis,trajectory,5wvo_C_analysis,5wvo_C,,zsasa_cli_bitmask_f32,zsasa CLI bitmask f32,mdtraj,MDTraj,rss_reduction,7.011095700416089,22.53125,157.96875,higher means target uses less memory
trajectory:5wvo_C_analysis,trajectory,5wvo_C_analysis,5wvo_C,,zsasa_cli_bitmask_f32,zsasa CLI bitmask f32,mdsasa_bolt,mdsasa-bolt (Rust),runtime_speedup,5.36700146343374,0.8134730449666666,4.365911022800001,higher means target is faster
trajectory:5wvo_C_analysis,trajectory,5wvo_C_analysis,5wvo_C,,zsasa_cli_bitmask_f32,zsasa CLI bitmask f32,mdsasa_bolt,mdsasa-bolt (Rust),rss_reduction,62.471567267683774,22.53125,1407.5625,higher means target uses less memory
trajectory:5wvo_C_analysis,trajectory,5wvo_C_analysis,5wvo_C,,zsasa_mdtraj,zsasa + MDTraj,mdtraj,MDTraj,runtime_speedup,13.577829216927098,1.7126934837533334,23.254659623346665,higher means target is faster
trajectory:5wvo_C_analysis,trajectory,5wvo_C_analysis,5wvo_C,,zsasa_mdtraj,zsasa + MDTraj,mdtraj,MDTraj,rss_reduction,0.7830532104407095,201.734375,157.96875,higher means target uses less memory
trajectory:5wvo_C_analysis,trajectory,5wvo_C_analysis,5wvo_C,,zsasa_mdtraj,zsasa + MDTraj,mdsasa_bolt,mdsasa-bolt (Rust),runtime_speedup,2.5491490825504832,1.7126934837533334,4.365911022800001,higher means target is faster
trajectory:5wvo_C_analysis,trajectory,5wvo_C_analysis,5wvo_C,,zsasa_mdtraj,zsasa + MDTraj,mdsasa_bolt,mdsasa-bolt (Rust),rss_reduction,6.977306173030749,201.734375,1407.5625,higher means target uses less memory
trajectory:5wvo_C_analysis,trajectory,5wvo_C_analysis,5wvo_C,,zsasa_mdtraj_bitmask,zsasa + MDTraj bitmask,mdtraj,MDTraj,runtime_speedup,27.601913814969276,0.8425017112666667,23.254659623346665,higher means target is faster
trajectory:5wvo_C_analysis,trajectory,5wvo_C_analysis,5wvo_C,,zsasa_mdtraj_bitmask,zsasa + MDTraj bitmask,mdtraj,MDTraj,rss_reduction,0.7922576600579891,199.390625,157.96875,higher means target uses less memory
trajectory:5wvo_C_analysis,trajectory,5wvo_C_analysis,5wvo_C,,zsasa_mdtraj_bitmask,zsasa + MDTraj bitmask,mdsasa_bolt,mdsasa-bolt (Rust),runtime_speedup,5.18207970905606,0.8425017112666667,4.365911022800001,higher means target is faster
trajectory:5wvo_C_analysis,trajectory,5wvo_C_analysis,5wvo_C,,zsasa_mdtraj_bitmask,zsasa + MDTraj bitmask,mdsasa_bolt,mdsasa-bolt (Rust),rss_reduction,7.059321369798605,199.390625,1407.5625,higher means target uses less memory
trajectory:5wvo_C_analysis,trajectory,5wvo_C_analysis,5wvo_C,,zsasa_mdanalysis,zsasa + MDAnalysis,mdtraj,MDTraj,runtime_speedup,11.196485791330105,2.07696058002,23.254659623346665,higher means target is faster
trajectory:5wvo_C_analysis,trajectory,5wvo_C_analysis,5wvo_C,,zsasa_mdanalysis,zsasa + MDAnalysis,mdtraj,MDTraj,rss_reduction,0.9560283687943263,165.234375,157.96875,higher means target uses less memory
trajectory:5wvo_C_analysis,trajectory,5wvo_C_analysis,5wvo_C,,zsasa_mdanalysis,zsasa + MDAnalysis,mdsasa_bolt,mdsasa-bolt (Rust),runtime_speedup,2.1020673501458362,2.07696058002,4.365911022800001,higher means target is faster
trajectory:5wvo_C_analysis,trajectory,5wvo_C_analysis,5wvo_C,,zsasa_mdanalysis,zsasa + MDAnalysis,mdsasa_bolt,mdsasa-bolt (Rust),rss_reduction,8.518581560283687,165.234375,1407.5625,higher means target uses less memory
trajectory:5wvo_C_analysis,trajectory,5wvo_C_analysis,5wvo_C,,zsasa_mdanalysis_bitmask,zsasa + MDAnalysis bitmask,mdtraj,MDTraj,runtime_speedup,19.352517875144418,1.2016348349800001,23.254659623346665,higher means target is faster
trajectory:5wvo_C_analysis,trajectory,5wvo_C_analysis,5wvo_C,,zsasa_mdanalysis_bitmask,zsasa + MDAnalysis bitmask,mdtraj,MDTraj,rss_reduction,0.9518877695132285,165.953125,157.96875,higher means target uses less memory
trajectory:5wvo_C_analysis,trajectory,5wvo_C_analysis,5wvo_C,,zsasa_mdanalysis_bitmask,zsasa + MDAnalysis bitmask,mdsasa_bolt,mdsasa-bolt (Rust),runtime_speedup,3.633309301384115,1.2016348349800001,4.365911022800001,higher means target is faster
trajectory:5wvo_C_analysis,trajectory,5wvo_C_analysis,5wvo_C,,zsasa_mdanalysis_bitmask,zsasa + MDAnalysis bitmask,mdsasa_bolt,mdsasa-bolt (Rust),rss_reduction,8.48168722342529,165.953125,1407.5625,higher means target uses less memory
trajectory:5wvo_C_analysis,trajectory,5wvo_C_analysis,5wvo_C,,mdsasa_bolt,mdsasa-bolt (Rust),mdtraj,MDTraj,runtime_speedup,5.326416297057904,4.365911022800001,23.254659623346665,higher means target is faster
trajectory:5wvo_C_analysis,trajectory,5wvo_C_analysis,5wvo_C,,mdsasa_bolt,mdsasa-bolt (Rust),mdtraj,MDTraj,rss_reduction,0.1122285866524577,1407.5625,157.96875,higher means target uses less memory
trajectory:6sup_A_analysis,trajectory,6sup_A_analysis,6sup_A,,zsasa_cli_f64,zsasa CLI f64,mdtraj,MDTraj,runtime_speedup,60.69633562160511,15.11239457598,917.2669732298067,higher means target is faster
trajectory:6sup_A_analysis,trajectory,6sup_A_analysis,6sup_A,,zsasa_cli_f64,zsasa CLI f64,mdtraj,MDTraj,rss_reduction,8.395508367195351,119.203125,1000.7708333333334,higher means target uses less memory
trajectory:6sup_A_analysis,trajectory,6sup_A_analysis,6sup_A,,zsasa_cli_f64,zsasa CLI f64,mdsasa_bolt,mdsasa-bolt (Rust),runtime_speedup,3.781579222772999,15.11239457598,57.14871733487333,higher means target is faster
trajectory:6sup_A_analysis,trajectory,6sup_A_analysis,6sup_A,,zsasa_cli_f64,zsasa CLI f64,mdsasa_bolt,mdsasa-bolt (Rust),rss_reduction,97.9301350111417,119.203125,11673.578125,higher means target uses less memory
trajectory:6sup_A_analysis,trajectory,6sup_A_analysis,6sup_A,,zsasa_cli_f32,zsasa CLI f32,mdtraj,MDTraj,runtime_speedup,62.44275457851375,14.68972628484,917.2669732298067,higher means target is faster
trajectory:6sup_A_analysis,trajectory,6sup_A_analysis,6sup_A,,zsasa_cli_f32,zsasa CLI f32,mdtraj,MDTraj,rss_reduction,8.758284333834723,114.265625,1000.7708333333334,higher means target uses less memory
trajectory:6sup_A_analysis,trajectory,6sup_A_analysis,6sup_A,,zsasa_cli_f32,zsasa CLI f32,mdsasa_bolt,mdsasa-bolt (Rust),runtime_speedup,3.890386806856408,14.68972628484,57.14871733487333,higher means target is faster
trajectory:6sup_A_analysis,trajectory,6sup_A_analysis,6sup_A,,zsasa_cli_f32,zsasa CLI f32,mdsasa_bolt,mdsasa-bolt (Rust),rss_reduction,102.16176671680569,114.265625,11673.578125,higher means target uses less memory
trajectory:6sup_A_analysis,trajectory,6sup_A_analysis,6sup_A,,zsasa_cli_bitmask_f64,zsasa CLI bitmask f64,mdtraj,MDTraj,runtime_speedup,133.9421327510804,6.848233295899999,917.2669732298067,higher means target is faster
trajectory:6sup_A_analysis,trajectory,6sup_A_analysis,6sup_A,,zsasa_cli_bitmask_f64,zsasa CLI bitmask f64,mdtraj,MDTraj,rss_reduction,8.120530808891894,123.23958333333333,1000.7708333333334,higher means target uses less memory
trajectory:6sup_A_analysis,trajectory,6sup_A_analysis,6sup_A,,zsasa_cli_bitmask_f64,zsasa CLI bitmask f64,mdsasa_bolt,mdsasa-bolt (Rust),runtime_speedup,8.345030735020076,6.848233295899999,57.14871733487333,higher means target is faster
trajectory:6sup_A_analysis,trajectory,6sup_A_analysis,6sup_A,,zsasa_cli_bitmask_f64,zsasa CLI bitmask f64,mdsasa_bolt,mdsasa-bolt (Rust),rss_reduction,94.72263544924351,123.23958333333333,11673.578125,higher means target uses less memory
trajectory:6sup_A_analysis,trajectory,6sup_A_analysis,6sup_A,,zsasa_cli_bitmask_f32,zsasa CLI bitmask f32,mdtraj,MDTraj,runtime_speedup,136.5746053772179,6.71623374416,917.2669732298067,higher means target is faster
trajectory:6sup_A_analysis,trajectory,6sup_A_analysis,6sup_A,,zsasa_cli_bitmask_f32,zsasa CLI bitmask f32,mdtraj,MDTraj,rss_reduction,8.628497013785982,115.984375,1000.7708333333334,higher means target uses less memory
trajectory:6sup_A_analysis,trajectory,6sup_A_analysis,6sup_A,,zsasa_cli_bitmask_f32,zsasa CLI bitmask f32,mdsasa_bolt,mdsasa-bolt (Rust),runtime_speedup,8.509042346027062,6.71623374416,57.14871733487333,higher means target is faster
trajectory:6sup_A_analysis,trajectory,6sup_A_analysis,6sup_A,,zsasa_cli_bitmask_f32,zsasa CLI bitmask f32,mdsasa_bolt,mdsasa-bolt (Rust),rss_reduction,100.64785127307019,115.984375,11673.578125,higher means target uses less memory
trajectory:6sup_A_analysis,trajectory,6sup_A_analysis,6sup_A,,zsasa_mdtraj,zsasa + MDTraj,mdtraj,MDTraj,runtime_speedup,63.60071321221648,14.422274954199999,917.2669732298067,higher means target is faster
trajectory:6sup_A_analysis,trajectory,6sup_A_analysis,6sup_A,,zsasa_mdtraj,zsasa + MDTraj,mdtraj,MDTraj,rss_reduction,0.7926407194274282,1262.578125,1000.7708333333334,higher means target uses less memory
trajectory:6sup_A_analysis,trajectory,6sup_A_analysis,6sup_A,,zsasa_mdtraj,zsasa + MDTraj,mdsasa_bolt,mdsasa-bolt (Rust),runtime_speedup,3.9625313978798267,14.422274954199999,57.14871733487333,higher means target is faster
trajectory:6sup_A_analysis,trajectory,6sup_A_analysis,6sup_A,,zsasa_mdtraj,zsasa + MDTraj,mdsasa_bolt,mdsasa-bolt (Rust),rss_reduction,9.245826372130438,1262.578125,11673.578125,higher means target uses less memory
trajectory:6sup_A_analysis,trajectory,6sup_A_analysis,6sup_A,,zsasa_mdtraj_bitmask,zsasa + MDTraj bitmask,mdtraj,MDTraj,runtime_speedup,140.78973835143478,6.515155038786666,917.2669732298067,higher means target is faster
trajectory:6sup_A_analysis,trajectory,6sup_A_analysis,6sup_A,,zsasa_mdtraj_bitmask,zsasa + MDTraj bitmask,mdtraj,MDTraj,rss_reduction,0.7909473354902978,1265.28125,1000.7708333333334,higher means target uses less memory
trajectory:6sup_A_analysis,trajectory,6sup_A_analysis,6sup_A,,zsasa_mdtraj_bitmask,zsasa + MDTraj bitmask,mdsasa_bolt,mdsasa-bolt (Rust),runtime_speedup,8.771658846896187,6.515155038786666,57.14871733487333,higher means target is faster
trajectory:6sup_A_analysis,trajectory,6sup_A_analysis,6sup_A,,zsasa_mdtraj_bitmask,zsasa + MDTraj bitmask,mdsasa_bolt,mdsasa-bolt (Rust),rss_reduction,9.226073748425499,1265.28125,11673.578125,higher means target uses less memory
trajectory:6sup_A_analysis,trajectory,6sup_A_analysis,6sup_A,,zsasa_mdanalysis,zsasa + MDAnalysis,mdtraj,MDTraj,runtime_speedup,62.206141382401796,14.745601524953335,917.2669732298067,higher means target is faster
trajectory:6sup_A_analysis,trajectory,6sup_A_analysis,6sup_A,,zsasa_mdanalysis,zsasa + MDAnalysis,mdtraj,MDTraj,rss_reduction,1.3540798996497607,739.078125,1000.7708333333334,higher means target uses less memory
trajectory:6sup_A_analysis,trajectory,6sup_A_analysis,6sup_A,,zsasa_mdanalysis,zsasa + MDAnalysis,mdsasa_bolt,mdsasa-bolt (Rust),runtime_speedup,3.8756450347693896,14.745601524953335,57.14871733487333,higher means target is faster
trajectory:6sup_A_analysis,trajectory,6sup_A_analysis,6sup_A,,zsasa_mdanalysis,zsasa + MDAnalysis,mdsasa_bolt,mdsasa-bolt (Rust),rss_reduction,15.794782351324496,739.078125,11673.578125,higher means target uses less memory
trajectory:6sup_A_analysis,trajectory,6sup_A_analysis,6sup_A,,zsasa_mdanalysis_bitmask,zsasa + MDAnalysis bitmask,mdtraj,MDTraj,runtime_speedup,130.00012890773235,7.055892797466666,917.2669732298067,higher means target is faster
trajectory:6sup_A_analysis,trajectory,6sup_A_analysis,6sup_A,,zsasa_mdanalysis_bitmask,zsasa + MDAnalysis bitmask,mdtraj,MDTraj,rss_reduction,1.3431193686609209,745.109375,1000.7708333333334,higher means target uses less memory
trajectory:6sup_A_analysis,trajectory,6sup_A_analysis,6sup_A,,zsasa_mdanalysis_bitmask,zsasa + MDAnalysis bitmask,mdsasa_bolt,mdsasa-bolt (Rust),runtime_speedup,8.099431067800788,7.055892797466666,57.14871733487333,higher means target is faster
trajectory:6sup_A_analysis,trajectory,6sup_A_analysis,6sup_A,,zsasa_mdanalysis_bitmask,zsasa + MDAnalysis bitmask,mdsasa_bolt,mdsasa-bolt (Rust),rss_reduction,15.666932287625558,745.109375,11673.578125,higher means target uses less memory
trajectory:6sup_A_analysis,trajectory,6sup_A_analysis,6sup_A,,mdsasa_bolt,mdsasa-bolt (Rust),mdtraj,MDTraj,runtime_speedup,16.050525996146398,57.14871733487333,917.2669732298067,higher means target is faster
trajectory:6sup_A_analysis,trajectory,6sup_A_analysis,6sup_A,,mdsasa_bolt,mdsasa-bolt (Rust),mdtraj,MDTraj,rss_reduction,0.08572957002704201,11673.578125,1000.7708333333334,higher means target uses less memory
